1.0E-5,92.53682194214835,92.53682194214835,92.53682194214835,92.53682194214835,92.53682194214835,92.53682194214835,92.53682194214835,92.53682194214835
1.0625E-5,89.77460832731671,89.77460832731691,89.77460832731713,89.77460832731725,89.77460832731725,89.77460832731713,89.77460832731691,89.77460832731671
1.125E-5,87.24595459147245,87.24595459147282,87.24595459147325,87.24595459147352,87.24595459147352,87.24595459147325,87.24595459147282,87.24595459147245
1.1875E-5,84.91966636576954,84.91966636577008,84.91966636577071,84.9196663657711,84.9196663657711,84.91966636577071,84.91966636577008,84.91966636576954
1.25E-5,82.77019928184176,82.77019928184248,82.77019928184325,82.77019928184377,82.77019928184377,82.77019928184325,82.77019928184248,82.77019928184176
1.375E-5,78.91954888444596,78.919548884447,78.91954888444813,78.91954888444886,78.91954888444886,78.91954888444813,78.919548884447,78.91954888444596
1.5E-5,75.56095782460741,75.56095782460875,75.5609578246102,75.56095782461111,75.56095782461111,75.5609578246102,75.56095782460875,75.56095782460741
1.625E-5,72.59781905186934,72.59781905187091,72.59781905187266,72.59781905187377,72.59781905187377,72.59781905187266,72.59781905187091,72.59781905186934
1.75E-5,69.95815474321839,69.95815474322023,69.95815474322224,69.95815474322352,69.95815474322352,69.95815474322224,69.95815474322023,69.95815474321839
1.875E-5,67.58711214751797,67.58711214752003,67.5871121475223,67.58711214752375,67.58711214752375,67.5871121475223,67.58711214752003,67.58711214751797
2.0E-5,65.44201386677798,65.44201386678027,65.44201386678279,65.44201386678438,65.44201386678438,65.44201386678279,65.44201386678027,65.44201386677798
2.1875E-5,62.576078975533214,62.576078975535815,62.57607897553867,62.57607897554047,62.57607897554047,62.57607897553867,62.576078975535815,62.576078975533214
2.375E-5,60.05667214188246,60.05667214188536,60.05667214188852,60.05667214189053,60.05667214189053,60.05667214188852,60.05667214188536,60.05667214188246
2.5625E-5,57.81916850118324,57.81916850118641,57.819168501189864,57.819168501192074,57.819168501192074,57.819168501189864,57.81916850118641,57.81916850118324
2.75E-5,55.81464382392913,55.81464382393255,55.814643823936294,55.81464382393868,55.81464382393868,55.814643823936294,55.81464382393255,55.81464382392913
2.9375E-5,54.00529085338861,54.005290853392275,54.00529085339628,54.005290853398826,54.005290853398826,54.00529085339628,54.005290853392275,54.00529085338861
3.125E-5,52.36136353069784,52.361363530701716,52.36136353070599,52.3613635307087,52.3613635307087,52.36136353070599,52.361363530701716,52.36136353069784
3.3125E-5,50.859107980600314,50.85910798060443,50.85910798060895,50.8591079806118,50.8591079806118,50.85910798060895,50.85910798060443,50.859107980600314
3.5E-5,49.47927441272908,49.47927441273341,49.479274412738164,49.47927441274118,49.47927441274118,49.479274412738164,49.47927441273341,49.47927441272908
3.875E-5,47.026529626992236,47.02652962699696,47.02652962700216,47.02652962700544,47.02652962700544,47.02652962700216,47.02652962699696,47.026529626992236
4.25E-5,44.90614015116706,44.90614015117216,44.90614015117777,44.906140151181326,44.906140151181326,44.90614015117777,44.90614015117216,44.90614015116706
4.625E-5,43.04926351461917,43.04926351462463,43.049263514630624,43.04926351463442,43.04926351463442,43.049263514630624,43.04926351462463,43.04926351461917
5.0E-5,41.405503304618506,41.405503304624304,41.405503304630656,41.40550330463469,41.40550330463469,41.405503304630656,41.405503304624304,41.405503304618506
5.3125E-5,40.17088270682426,40.17088270683032,40.17088270683697,40.17088270684119,40.17088270684119,40.17088270683697,40.17088270683032,40.17088270682426
5.625E-5,39.04068366719262,39.04068366719894,39.040683667205876,39.04068366721027,39.04068366721027,39.040683667205876,39.04068366719894,39.04068366719262
5.9375E-5,38.00097217045589,38.00097217046245,38.00097217046966,38.00097217047422,38.00097217047422,38.00097217046966,38.00097217046245,38.00097217045589
6.25E-5,37.040289060711444,37.040289060718244,37.04028906072571,37.04028906073045,37.04028906073045,37.04028906072571,37.040289060718244,37.040289060711444
6.875E-5,35.319434196276916,35.31943419628417,35.31943419629214,35.319434196297195,35.319434196297195,35.31943419629214,35.31943419628417,35.319434196276916
7.5E-5,33.81856329418403,33.818563294191726,33.81856329420016,33.81856329420552,33.81856329420552,33.81856329420016,33.818563294191726,33.81856329418403
8.125E-5,32.494489660624815,32.494489660632915,32.49448966064181,32.49448966064744,32.49448966064744,32.49448966064181,32.494489660632915,32.494489660624815
8.75E-5,31.315048081600377,31.315048081608865,31.315048081618187,31.315048081624095,31.315048081624095,31.315048081618187,31.315048081608865,31.315048081600377
9.375E-5,30.255688907138786,30.25568890714765,30.25568890715738,30.25568890716355,30.25568890716355,30.25568890715738,30.25568890714765,30.255688907138786
1.0E-4,29.297353332804807,29.297353332814026,29.297353332824148,29.29735333283057,29.29735333283057,29.297353332824148,29.297353332814026,29.297353332804807
1.0625E-4,28.424937554498996,28.424937554508563,28.424937554519065,28.424937554525734,28.424937554525734,28.424937554519065,28.424937554508563,28.424937554498996
1.125E-4,27.626345796546374,27.626345796556276,27.626345796567154,27.62634579657405,27.62634579657405,27.626345796567154,27.626345796556276,27.626345796546374
1.1875E-4,26.891718410222403,26.89171841023263,26.891718410243865,26.891718410250988,26.891718410250988,26.891718410243865,26.89171841023263,26.891718410222403
1.25E-4,26.212954408923697,26.21295440893423,26.212954408945816,26.212954408953152,26.212954408953152,26.212954408945816,26.21295440893423,26.212954408923697
1.375E-4,24.997169798643952,24.9971697986551,24.997169798667343,24.997169798675102,24.997169798675102,24.997169798667343,24.9971697986551,24.997169798643952
1.5E-4,23.93689548325935,23.936895483271066,23.93689548328394,23.936895483292098,23.936895483292098,23.93689548328394,23.936895483271066,23.93689548325935
1.625E-4,23.00159758693768,23.00159758694995,23.00159758696342,23.00159758697196,23.00159758697196,23.00159758696342,23.00159758694995,23.00159758693768
1.75E-4,22.168524910563963,22.168524910576757,22.168524910590808,22.16852491059971,22.16852491059971,22.168524910590808,22.168524910576757,22.168524910563963
1.875E-4,21.42034548083549,21.420345480848788,21.420345480863393,21.420345480872648,21.420345480872648,21.420345480863393,21.420345480848788,21.42034548083549
2.0E-4,20.743578874072377,20.743578874086158,20.7435788741013,20.74357887411089,20.74357887411089,20.7435788741013,20.743578874086158,20.743578874072377
2.1875E-4,19.839523093079457,19.839523093093938,19.839523093109847,19.83952309311993,19.83952309311993,19.839523093109847,19.839523093093938,19.839523093079457
2.375E-4,19.04498182842811,19.044981828443262,19.044981828459907,19.04498182847045,19.04498182847045,19.044981828459907,19.044981828443262,19.04498182842811
2.5625E-4,18.339479796689563,18.339479796705355,18.339479796722703,18.3394797967337,18.3394797967337,18.339479796722703,18.339479796705355,18.339479796689563
2.75E-4,17.70757896838389,17.707578968400302,17.707578968418325,17.707578968429747,17.707578968429747,17.707578968418325,17.707578968400302,17.70757896838389
2.9375E-4,17.137326807284893,17.137326807301896,17.137326807320573,17.13732680733241,17.13732680733241,17.137326807320573,17.137326807301896,17.137326807284893
3.125E-4,16.619325214002984,16.619325214020567,16.61932521403988,16.619325214052115,16.619325214052115,16.61932521403988,16.619325214020567,16.619325214002984
3.3125E-4,16.146077990718535,16.14607799073668,16.146077990756606,16.146077990769232,16.146077990769232,16.146077990756606,16.14607799073668,16.146077990718535
3.5E-4,15.711489503111135,15.711489503129814,15.711489503150336,15.711489503163339,15.711489503163339,15.711489503150336,15.711489503129814,15.711489503111135
3.875E-4,14.939229930492193,14.939229930511912,14.939229930533578,14.939229930547308,14.939229930547308,14.939229930533578,14.939229930511912,14.939229930492193
4.25E-4,14.271909169600956,14.271909169621669,14.27190916964442,14.271909169658839,14.271909169658839,14.27190916964442,14.271909169621669,14.271909169600956
4.625E-4,13.687778697463902,13.687778697485562,13.687778697509357,13.687778697524433,13.687778697524433,13.687778697509357,13.687778697485562,13.687778697463902
5.0E-4,13.170915062024688,13.170915062047259,13.17091506207205,13.17091506208776,13.17091506208776,13.17091506207205,13.170915062047259,13.170915062024688
5.3125E-4,12.782871437524275,12.782871437547577,12.782871437573174,12.782871437589392,12.782871437589392,12.782871437573174,12.782871437547577,12.782871437524275
5.625E-4,12.427764928496753,12.427764928520766,12.427764928547145,12.427764928563859,12.427764928563859,12.427764928547145,12.427764928520766,12.427764928496753
5.9375E-4,12.1012187740071,12.101218774031803,12.101218774058939,12.101218774076134,12.101218774076134,12.101218774058939,12.101218774031803,12.1012187740071
6.25E-4,11.799596283605656,11.799596283631034,11.79959628365891,11.799596283676575,11.799596283676575,11.79959628365891,11.799596283631034,11.799596283605656
6.875E-4,11.259607434934708,11.259607434961383,11.259607434990688,11.259607435009258,11.259607435009258,11.259607434990688,11.259607434961383,11.259607434934708
7.5E-4,10.78899422595758,10.7889942259855,10.788994226016168,10.788994226035605,10.788994226035605,10.788994226016168,10.7889942259855,10.78899422595758
8.125E-4,10.3741170780513,10.374117078080413,10.374117078112397,10.374117078132663,10.374117078132663,10.374117078112397,10.374117078080413,10.3741170780513
8.75E-4,10.004837821340903,10.004837821371165,10.00483782140441,10.004837821425477,10.004837821425477,10.00483782140441,10.004837821371165,10.004837821340903
9.375E-4,9.673389694603493,9.673389694634867,9.673389694669334,9.673389694691176,9.673389694691176,9.673389694669334,9.673389694634867,9.673389694603493
0.001,9.373772556484507,9.373772556516961,9.37377255655261,9.3737725565752,9.3737725565752,9.37377255655261,9.373772556516961,9.373772556484507
0.0010625,9.101219716438338,9.101219716471835,9.101219716508634,9.101219716531952,9.101219716531952,9.101219716508634,9.101219716471835,9.101219716438338
0.001125,8.851911455830773,8.85191145586529,8.851911455903206,8.851911455927231,8.851911455927231,8.851911455903206,8.85191145586529,8.851911455830773
0.0011875,8.622744253271522,8.62274425330703,8.622744253346033,8.622744253370751,8.622744253370751,8.622744253346033,8.62274425330703,8.622744253271522
0.00125,8.4111557141768,8.411155714213274,8.411155714253342,8.41115571427873,8.41115571427873,8.411155714253342,8.411155714213274,8.4111557141768
0.001375,8.032565893294635,8.032565893332976,8.032565893375097,8.032565893401788,8.032565893401788,8.032565893375097,8.032565893332976,8.032565893294635
0.0015,7.702887569523561,7.702887569563697,7.702887569607788,7.702887569635727,7.702887569635727,7.702887569607788,7.702887569563697,7.702887569523561
0.001625,7.412491073031797,7.412491073073659,7.4124910731196465,7.4124910731487885,7.4124910731487885,7.4124910731196465,7.412491073073659,7.412491073031797
0.00175,7.154211248281333,7.154211248324865,7.154211248372686,7.154211248402988,7.154211248402988,7.154211248372686,7.154211248324865,7.154211248281333
0.001875,6.922585101850536,6.9225851018956845,6.9225851019452795,6.9225851019767095,6.9225851019767095,6.9225851019452795,6.9225851018956845,6.922585101850536
0.002,6.713368767181849,6.713368767228569,6.713368767279889,6.713368767312411,6.713368767312411,6.713368767279889,6.713368767228569,6.713368767181849
0.0021875,6.434398004053968,6.434398004102964,6.434398004156788,6.4343980041908955,6.4343980041908955,6.434398004156788,6.434398004102964,6.434398004053968
0.002375,6.189741842431517,6.189741842482709,6.189741842538944,6.189741842574579,6.189741842574579,6.189741842538944,6.189741842482709,6.189741842431517
0.0025625,5.972978380360726,5.972978380414041,5.97297838047261,5.9729783805097245,5.9729783805097245,5.97297838047261,5.972978380414041,5.972978380360726
0.00275,5.779247025879557,5.779247025934933,5.779247025995764,5.779247026034311,5.779247026034311,5.779247025995764,5.779247025934933,5.779247025879557
0.0029375,5.604792518105748,5.604792518163127,5.6047925182261595,5.604792518266102,5.604792518266102,5.6047925182261595,5.604792518163127,5.604792518105748
0.003125,5.446663328619655,5.446663328678986,5.4466633287441635,5.446663328785464,5.446663328785464,5.4466633287441635,5.446663328678986,5.446663328619655
0.0033125,5.30250237271408,5.302502372775318,5.302502372842588,5.3025023728852165,5.3025023728852165,5.302502372842588,5.302502372775318,5.30250237271408
0.0035,5.170402178396059,5.170402178459161,5.17040217852848,5.170402178572407,5.170402178572407,5.17040217852848,5.170402178459161,5.170402178396059
0.003875,4.9364022359865585,4.936402236053279,4.936402236126574,4.936402236173016,4.936402236173016,4.936402236126574,4.936402236053279,4.9364022359865585
0.00425,4.735056113251384,4.735056113321593,4.735056113398718,4.735056113447589,4.735056113447589,4.735056113398718,4.735056113321593,4.735056113251384
0.004625,4.55955516172504,4.559555161798626,4.5595551618794605,4.5595551619306836,4.5595551619306836,4.5595551618794605,4.559555161798626,4.55955516172504
0.005,4.404918627463448,4.404918627540314,4.404918627624753,4.40491862767826,4.40491862767826,4.404918627624753,4.404918627540314,4.404918627463448
0.0053125,4.28926630073826,4.289266300817795,4.289266300905167,4.289266300960532,4.289266300960532,4.289266300905167,4.289266300817795,4.28926630073826
0.005625,4.183801481920449,4.183801482002602,4.183801482092846,4.183801482150034,4.183801482150034,4.183801482092846,4.183801482002602,4.183801481920449
0.0059375,4.087152255400558,4.08715225548528,4.087152255578347,4.087152255637321,4.087152255637321,4.087152255578347,4.08715225548528,4.087152255400558
0.00625,3.998189416857344,3.998189416944591,3.9981894170404315,3.9981894171011634,3.9981894171011634,3.9981894170404315,3.998189416944591,3.998189416857344
0.006875,3.839728389311199,3.8397283894033802,3.839728389504642,3.8397283895688084,3.8397283895688084,3.839728389504642,3.8397283894033802,3.839728389311199
0.0075,3.7025662720244945,3.702566272121475,3.70256627222801,3.7025662722955173,3.7025662722955173,3.70256627222801,3.702566272121475,3.7025662720244945
0.008125,3.582467951961532,3.5824679520631966,3.5824679521748766,3.5824679522456453,3.5824679522456453,3.5824679521748766,3.5824679520631966,3.582467951961532
0.00875,3.476284548573216,3.476284548679466,3.4762845487961824,3.476284548870143,3.476284548870143,3.4762845487961824,3.476284548679466,3.476284548573216
0.009375,3.3816175968671387,3.3816175969778857,3.381617597099542,3.3816175971766342,3.3816175971766342,3.381617597099542,3.3816175969778857,3.3816175968671387
0.01,3.296604984009111,3.2966049841242784,3.296604984250792,3.2966049843309606,3.2966049843309606,3.296604984250792,3.2966049841242784,3.296604984009111
0.010625,3.219780097198529,3.2197800973180497,3.2197800974493456,3.219780097532545,3.219780097532545,3.2197800974493456,3.2197800973180497,3.219780097198529
0.01125,3.1499635983070733,3.149963598430888,3.1499635985669,3.1499635986530867,3.1499635986530867,3.1499635985669,3.149963598430888,3.1499635983070733
0.011875,3.086201353450901,3.0862013535789545,3.086201353719623,3.0862013538087614,3.0862013538087614,3.086201353719623,3.0862013535789545,3.086201353450901
0.0125,3.027708728760562,3.027708728892806,3.0277087290380775,3.0277087291301332,3.0277087291301332,3.0277087290380775,3.027708728892806,3.027708728760562
0.01375,2.9240359945949637,2.924035994735461,2.9240359948897994,2.9240359949876,2.9240359949876,2.9240359948897994,2.924035994735461,2.9240359945949637
0.015,2.8348837616625344,2.83488376181114,2.834883761974385,2.8348837620778307,2.8348837620778307,2.834883761974385,2.83488376181114,2.8348837616625344
0.01625,2.757322783235638,2.7573227833922314,2.757322783564251,2.757322783673256,2.757322783673256,2.757322783564251,2.7573227833922314,2.757322783235638
0.0175,2.689177411242185,2.6891774114066633,2.6891774115873455,2.689177411701839,2.689177411701839,2.6891774115873455,2.6891774114066633,2.689177411242185
0.01875,2.6287948215981487,2.6287948217704247,2.628794821959673,2.6287948220795943,2.6287948220795943,2.628794821959673,2.6287948217704247,2.6287948215981487
0.02,2.5748954085610523,2.574895408741052,2.574895408938784,2.574895409064082,2.574895409064082,2.574895408938784,2.574895408741052,2.5748954085610523
0.021325,2.5237231154733473,2.5237231156614635,2.5237231158681115,2.5237231159990596,2.5237231159990596,2.5237231158681115,2.5237231156614635,2.5237231154733473
0.02265,2.4777504143765325,2.4777504145727027,2.4777504147881984,2.4777504149247522,2.4777504149247522,2.4777504147881984,2.4777504145727027,2.4777504143765325
0.023975,2.436216544642617,2.4362165448467876,2.4362165450710713,2.4362165452131945,2.4362165452131945,2.4362165450710713,2.4362165448467876,2.436216544642617
0.0253,2.39850000621882,2.398500006430943,2.398500006663963,2.398500006811622,2.398500006811622,2.398500006663963,2.398500006430943,2.39850000621882
0.02684375,2.3587041084619607,2.358704108683298,2.3587041089264393,2.3587041090805116,2.3587041090805116,2.3587041089264393,2.358704108683298,2.3587041084619607
0.0283875,2.32275180258083,2.3227518028113328,2.322751803064543,2.3227518032249965,2.3227518032249965,2.322751803064543,2.3227518028113328,2.32275180258083
0.031475,2.2603407831741493,2.260340783422864,2.2603407836960803,2.2603407838692102,2.2603407838692102,2.2603407836960803,2.260340783422864,2.2603407831741493
0.0345625,2.2080297364562393,2.208029736723038,2.20802973701612,2.2080297372018385,2.2080297372018385,2.20802973701612,2.208029736723038,2.2080297364562393
0.03765,2.1635570706857266,2.1635570709705116,2.163557071283351,2.163557071481591,2.163557071481591,2.163557071283351,2.1635570709705116,2.1635570706857266
0.0407375,2.1252922434706076,2.1252922437733024,2.125292244105817,2.125292244316524,2.125292244316524,2.125292244105817,2.1252922437733024,2.1252922434706076
0.043825,2.0920288603422255,2.092028860662771,2.0920288610148945,2.092028861238027,2.092028861238027,2.0920288610148945,2.092028860662771,2.0920288603422255
0.0469125,2.0628549634766493,2.0628549638149973,2.0628549641866774,2.0628549644222023,2.0628549644222023,2.0628549641866774,2.0628549638149973,2.0628549634766493
0.05,2.0370678838001157,2.0370678841562286,2.0370678845474233,2.037067884795314,2.037067884795314,2.0370678845474233,2.0370678841562286,2.0370678838001157
0.053125,2.0138527480037176,2.0138527483777797,2.013852748788692,2.0138527490490774,2.0138527490490774,2.013852748788692,2.0138527483777797,2.0138527480037176
0.05625,1.9930885983309659,1.9930885987229525,1.9930885991535545,1.993088599426417,1.993088599426417,1.9930885991535545,1.9930885987229525,1.9930885983309659
0.059375,1.97441176573689,1.97441176614678,1.9744117665970495,1.9744117668823749,1.9744117668823749,1.9744117665970495,1.97441176614678,1.97441176573689
0.0625,1.9575270178020499,1.9575270182298268,1.9575270186997453,1.957527018997522,1.957527018997522,1.9575270186997453,1.9575270182298268,1.9575270178020499
0.06875,1.928201127943543,1.9282011284070548,1.9282011289162289,1.9282011292388808,1.9282011292388808,1.9282011289162289,1.9282011284070548,1.928201127943543
0.075,1.9036204427133678,1.9036204432125774,1.9036204437609654,1.9036204441084663,1.9036204441084663,1.9036204437609654,1.9036204432125774,1.9036204427133678
0.08125,1.882730560613526,1.882730561148407,1.882730561735981,1.882730562108313,1.882730562108313,1.882730561735981,1.882730561148407,1.882730560613526
0.0875,1.864766742142451,1.8647667427129855,1.8647667433397257,1.864766743736876,1.864766743736876,1.8647667433397257,1.8647667427129855,1.864766742142451
0.09375,1.8491608041532974,1.8491608047594732,1.8491608054253659,1.8491608058473261,1.8491608058473261,1.8491608054253659,1.8491608047594732,1.8491608041532974
0.1,1.8354798452008516,1.83547984584266,1.835479846547695,1.8354798469944587,1.8354798469944587,1.835479846547695,1.83547984584266,1.8354798452008516
0.10625,1.8233912314540481,1.8233912321314822,1.8233912328756527,1.8233912333472158,1.8233912333472158,1.8233912328756527,1.8233912321314822,1.8233912314540481
0.1125,1.8126339488062149,1.81263394951927,1.8126339503025704,1.8126339507989297,1.8126339507989297,1.8126339503025704,1.81263394951927,1.8126339488062149
0.11875,1.8030018916060444,1.8030018923547175,1.803001893177145,1.8030018936982983,1.8030018936982983,1.803001893177145,1.8030018923547175,1.8030018916060444
0.125,1.7943271513885748,1.7943271521728634,1.7943271530344151,1.7943271535803602,1.7943271535803602,1.7943271530344151,1.7943271521728634,1.7943271513885748
0.1375,1.7793331641114027,1.7793331649669173,1.7793331659067115,1.779333166502237,1.779333166502237,1.7793331659067115,1.7793331649669173,1.7793331641114027
0.15,1.766830747468339,1.7668307483950756,1.7668307494131084,1.7668307500582114,1.7668307500582114,1.7668307494131084,1.7668307483950756,1.766830747468339
0.1625,1.756247739438966,1.7562477404369228,1.756247741533191,1.75624774222787,1.75624774222787,1.756247741533191,1.7562477404369228,1.756247739438966
0.175,1.7471735202701073,1.7471735213392816,1.747173522513783,1.7471735232580374,1.7471735232580374,1.747173522513783,1.7471735213392816,1.7471735202701073
0.1875,1.7393088786687472,1.7393088798091387,1.7393088810618733,1.739308881855702,1.739308881855702,1.7393088810618733,1.7393088798091387,1.7393088786687472
0.2,1.73242542729155,1.7324254285031575,1.7324254298341244,1.7324254306775269,1.7324254306775269,1.7324254298341244,1.7324254285031575,1.73242542729155
0.21875,1.7235748207735015,1.7235748220919327,1.7235748235402468,1.7235748244580091,1.7235748244580091,1.7235748235402468,1.7235748220919327,1.7235748207735015
0.2375,1.7161200031063706,1.716120004531624,1.716120006097284,1.7161200070894054,1.7161200070894054,1.716120006097284,1.716120004531624,1.7161200031063706
0.25625,1.70975539679942,1.7097553983314948,1.7097554000144999,1.7097554010809801,1.7097554010809801,1.7097554000144999,1.7097553983314948,1.70975539679942
0.275,1.704258184932321,1.704258186571217,1.704258188371566,1.7042581895124047,1.7042581895124047,1.704258188371566,1.704258186571217,1.704258184932321
0.29375,1.6994628463642567,1.6994628481099738,1.6994628500276672,1.6994628512428644,1.6994628512428644,1.6994628500276672,1.6994628481099738,1.6994628463642567
0.3125,1.6952412613660415,1.695241263218578,1.695241265253614,1.6952412665431678,1.6952412665431678,1.695241265253614,1.695241263218578,1.6952412613660415
0.33125,1.691497936971817,1.6914979389311728,1.6914979410835518,1.6914979424474632,1.6914979424474632,1.6914979410835518,1.6914979389311728,1.691497936971817
0.35,1.6881556830341835,1.6881556851003592,1.6881556873700805,1.6881556888083495,1.6881556888083495,1.6881556873700805,1.6881556851003592,1.6881556830341835
0.3875,1.6824388372129206,1.6824388394927323,1.682438841997135,1.6824388435841158,1.6824388435841158,1.682438841997135,1.6824388394927323,1.6824388372129206
0.425,1.6777302379561463,1.677730240449592,1.6777302431886756,1.677730244924368,1.677730244924368,1.6777302431886756,1.677730240449592,1.6777302379561463
0.5,1.6704298001857238,1.6704298031064355,1.6704298063148757,1.670429808347989,1.670429808347989,1.6704298063148757,1.6704298031064355,1.6704298001857238
0.625,1.6621505591614363,1.6621505627942452,1.6621505667849343,1.6621505693137393,1.6621505693137393,1.6621505667849343,1.6621505627942452,1.6621505591614363
0.75,1.6566262902020854,1.656626294546979,1.6566262993199021,1.656626302344391,1.656626302344391,1.6566262993199021,1.656626294546979,1.6566262902020854
0.875,1.6526776551793547,1.6526776602363247,1.6526776657914732,1.6526776693116392,1.6526776693116392,1.6526776657914732,1.6526776602363247,1.6526776551793547
1.0,1.6497133934796595,1.6497133992486959,1.649713405586059,1.649713409601896,1.649713409601896,1.649713405586059,1.6497133992486959,1.6497133934796595
1.25,1.6455586519210534,1.6455586591142024,1.6455586670159716,1.6455586720231357,1.6455586720231357,1.6455586670159716,1.6455586591142024,1.6455586519210534
1.5,1.6427845794937985,1.642784588111037,1.6427845975771878,1.6427846035756632,1.6427846035756632,1.6427845975771878,1.642784588111037,1.6427845794937985
1.75,1.640799915584303,1.6407999256256116,1.6407999366561226,1.6407999436458962,1.6407999436458962,1.6407999366561226,1.6407999256256116,1.640799915584303
2.0,1.639309427773125,1.6393094392384902,1.639309451833346,1.6393094598144076,1.6393094598144076,1.639309451833346,1.6393094392384902,1.639309427773125
2.375,1.6376581925849032,1.6376582061863205,1.6376582211276587,1.6376582305956306,1.6376582305956306,1.6376582211276587,1.6376582061863205,1.6376581925849032
2.75,1.6364541827868067,1.6364541985242467,1.636454215812034,1.6364542267668956,1.6364542267668956,1.636454215812034,1.6364541985242467,1.6364541827868067
3.125,1.6355374476610138,1.6355374655344581,1.6355374851686741,1.6355374976104124,1.6355374976104124,1.6355374851686741,1.6355374655344581,1.6355374476610138
3.5,1.6348156773405313,1.6348156973499617,1.6348157193305872,1.6348157332591886,1.6348157332591886,1.6348157193305872,1.6348156973499617,1.6348156773405313
4.25,1.6337493339147844,1.6337493581961136,1.633749384869477,1.633749401771756,1.633749401771756,1.633749384869477,1.6337493581961136,1.6337493339147844
5.0,1.6329997088258594,1.6329997373790321,1.6329997687450721,1.632999788620989,1.632999788620989,1.6329997687450721,1.6329997373790321,1.6329997088258594
6.25,1.6321450379366576,1.6321450736094578,1.6321451127965039,1.6321451376284069,1.6321451376284069,1.6321451127965039,1.6321450736094578,1.6321450379366576
7.5,1.631570479747453,1.6315705225397557,1.63157056954767,1.6315705993354714,1.6315705993354714,1.63157056954767,1.6315705225397557,1.631570479747453
8.75,1.6311574638255866,1.6311575137373115,1.631157568566006,1.6311576033096506,1.6311576033096506,1.631157568566006,1.6311575137373115,1.6311574638255866
10.0,1.6308447155179973,1.6308447725490403,1.6308448351984002,1.6308448748978155,1.6308448748978155,1.6308448351984002,1.6308447725490403,1.6308447155179973
12.5,1.6304022470876252,1.6304023183571021,1.6304023966475718,1.6304024462583877,1.6304024462583877,1.6304023966475718,1.6304023183571021,1.6304022470876252
15.0,1.6301030181063123,1.6301031036140008,1.6301031975453355,1.630103257067397,1.630103257067397,1.6301031975453355,1.6301031036140008,1.6301030181063123
17.5,1.6298857539209595,1.629885853666644,1.6298859632386071,1.6298860326717644,1.6298860326717644,1.6298859632386071,1.629885853666644,1.6298857539209595
20.0,1.6297210108669822,1.6297211248505379,1.629721250062991,1.6297213294071564,1.6297213294071564,1.629721250062991,1.6297211248505379,1.6297210108669822
23.75,1.629534773052178,1.6295349083921953,1.629535057065006,1.6295351512754443,1.6295351512754443,1.629535057065006,1.6295349083921953,1.629534773052178
27.5,1.629396281720664,1.6293964384168504,1.6293966105496978,1.629396719626205,1.629396719626205,1.6293966105496978,1.6293964384168504,1.629396281720664
31.25,1.6292896213779584,1.6292897994301614,1.629289995022877,1.6292901189653468,1.6292901189653468,1.629289995022877,1.6292897994301614,1.6292896213779584
35.0,1.6292028554035887,1.6292030548114462,1.6292032738636328,1.6292034126718138,1.6292034126718138,1.6292032738636328,1.6292030548114462,1.6292028554035887
42.5,1.6290730910645972,1.629073333183444,1.6290735991542211,1.6290737676936016,1.6290737676936016,1.6290735991542211,1.629073333183444,1.6290730910645972
50.0,1.6289783408139327,1.6289786256430872,1.6289789385317057,1.6289791368018105,1.6289791368018105,1.6289789385317057,1.6289786256430872,1.6289783408139327
62.5,1.6288660481478372,1.6288664041597707,1.6288667952436193,1.6288670430641896,1.6288670430641896,1.6288667952436193,1.6288664041597707,1.6288660481478372
75.0,1.628786382246631,1.6287868094400912,1.628787278717795,1.6287875760879584,1.6287875760879584,1.628787278717795,1.6287868094400912,1.628786382246631
87.5,1.6287266107143923,1.628727109088509,1.6287276565591124,1.6287280034782639,1.6287280034782639,1.6287276565591124,1.628727109088509,1.6287266107143923
100.0,1.6286437617319127,1.628644331273399,1.6286449569223045,1.6286453533811938,1.6286453533811938,1.6286449569223045,1.628644331273399,1.6286437617319127
125.0,1.6277109373848049,1.6277116489039896,1.627712430517288,1.627712925807118,1.627712925807118,1.627712430517288,1.6277116489039896,1.6277109373848049
150.0,1.6269253314667105,1.6269261848777434,1.6269271223611261,1.6269277164221354,1.6269277164221354,1.6269271223611261,1.6269261848777434,1.6269253314667105
175.0,1.6262654580286795,1.6262664532711724,1.6262675465583023,1.6262682393484555,1.6262682393484555,1.6262675465583023,1.6262664532711724,1.6262654580286795
200.0,1.6256955071986627,1.6256966442201588,1.6256978932534123,1.6256986847361938,1.6256986847361938,1.6256978932534123,1.6256966442201588,1.6256955071986627
237.5,1.6249663134610122,1.6249676630686414,1.6249691456305926,1.624970085094977,1.624970085094977,1.6249691456305926,1.6249676630686414,1.6249663134610122
275.0,1.624346140966638,1.6243477030740623,1.6243494190698677,1.6243505064557557,1.6243505064557557,1.6243494190698677,1.6243477030740623,1.624346140966638
312.5,1.623806341811393,1.623808116343859,1.6238100656914,1.6238113009467547,1.6238113009467547,1.6238100656914,1.623808116343859,1.623806341811393
350.0,1.6233286131653708,1.623330600057341,1.623332782684626,1.6233341657638278,1.6233341657638278,1.623332782684626,1.623330600057341,1.6233286131653708
425.0,1.6225124166581213,1.6225148281003918,1.622517477101834,1.6225191557112897,1.6225191557112897,1.622517477101834,1.6225148281003918,1.6225124166581213
500.0,1.62183150209018,1.6218343378914293,1.6218374530568604,1.621839427063392,1.621839427063392,1.6218374530568604,1.6218343378914293,1.62183150209018
625.0,1.6208987716911385,1.6209023144060184,1.6209062061254857,1.6209086722159127,1.6209086722159127,1.6209062061254857,1.6209023144060184,1.6208987716911385
750.0,1.6201363375384148,1.6201405867988945,1.6201452546681097,1.6201482125862445,1.6201482125862445,1.6201452546681097,1.6201405867988945,1.6201363375384148
875.0,1.6194948615097646,1.619499817020166,1.6195052607143243,1.6195087102543453,1.6195087102543453,1.6195052607143243,1.619499817020166,1.6194948615097646
1000.0,1.6188796466283926,1.618885307920502,1.618891526925264,1.618895467761246,1.618895467761246,1.618891526925264,1.618885307920502,1.6188796466283926
1250.0,1.6131690386089694,1.6131760844702923,1.6131838247180572,1.6131887296788812,1.6131887296788812,1.6131838247180572,1.6131760844702923,1.6131690386089694
1500.0,1.6084666829433967,1.6084751087144558,1.6084843650851204,1.6084902309254299,1.6084902309254299,1.6084843650851204,1.6084751087144558,1.6084666829433967
1750.0,1.6045028107786208,1.604512612785451,1.6045233812418915,1.6045302054027906,1.6045302054027906,1.6045233812418915,1.604512612785451,1.6045028107786208
2000.0,1.6010776819965715,1.6010888570999893,1.601101134192785,1.601108914487925,1.601108914487925,1.601101134192785,1.6010888570999893,1.6010776819965715
2250.0,1.5980599933014943,1.5980725387387245,1.59808632143211,1.5980950559373526,1.5980950559373526,1.59808632143211,1.5980725387387245,1.5980599933014943
2500.0,1.5953661879313767,1.5953801012751685,1.5953953869020778,1.5954050739269898,1.5954050739269898,1.5953953869020778,1.5953801012751685,1.5953661879313767
2750.0,1.5929333993817931,1.5929486784478757,1.5929654646082512,1.5929761026316431,1.5929761026316431,1.5929654646082512,1.5929486784478757,1.5929333993817931
3000.0,1.5907146767077707,1.590731319502424,1.5907496040056017,1.5907611916390094,1.5907611916390094,1.5907496040056017,1.590731319502424,1.5907146767077707
3250.0,1.5886773929106839,1.5886953976295617,1.5887151784929636,1.5887277144798169,1.5887277144798169,1.5887151784929636,1.5886953976295617,1.5886773929106839
3500.0,1.586794491471634,1.586813856454113,1.5868351318530918,1.5868486150369199,1.5868486150369199,1.5868351318530918,1.586813856454113,1.586794491471634
4000.0,1.5834058914833933,1.5834279724256795,1.583452231877314,1.5834676062743647,1.5834676062743647,1.583452231877314,1.5834279724256795,1.5834058914833933
4500.0,1.5804207560606052,1.5804455475019044,1.5804727850060916,1.5804900468135121,1.5804900468135121,1.5804727850060916,1.5804455475019044,1.5804207560606052
5000.0,1.577700620782237,1.5777281169562947,1.5777583261774162,1.577777471379763,1.577777471379763,1.5777583261774162,1.5777281169562947,1.577700620782237
5500.0,1.5710471006775681,1.5710771968522859,1.5711102637313756,1.5711312205892913,1.5711312205892913,1.5711102637313756,1.5710771968522859,1.5710471006775681
6000.0,1.5649426794494308,1.56497536410001,1.5650112759664574,1.565034036445201,1.565034036445201,1.5650112759664574,1.56497536410001,1.5649426794494308
6500.0,1.559348361693904,1.5593836252613458,1.5594223716053883,1.5594469290402528,1.5594469290402528,1.5594223716053883,1.5593836252613458,1.559348361693904
7000.0,1.5541885478123052,1.5542263815427153,1.5542679527400083,1.5542943010278973,1.5542943010278973,1.5542679527400083,1.5542263815427153,1.5541885478123052
8000.0,1.544932104807853,1.544975054934767,1.545022249530576,1.5450521628422824,1.5450521628422824,1.545022249530576,1.544975054934767,1.544932104807853
9000.0,1.536810471956248,1.5368585099876986,1.5369112966589336,1.536944755132591,1.536944755132591,1.5369112966589336,1.5368585099876986,1.536810471956248
10000.0,1.5295300064275492,1.5295831054479627,1.5296414546062165,1.5296784394808116,1.5296784394808116,1.5296414546062165,1.5295831054479627,1.5295300064275492
11250.0,1.5144522376152565,1.5145112797056208,1.5145761652584178,1.5146172963502516,1.5146172963502516,1.5145761652584178,1.5145112797056208,1.5144522376152565
12500.0,1.5010377085199906,1.5011026369327216,1.5011739964205535,1.501219234084602,1.501219234084602,1.5011739964205535,1.5011026369327216,1.5010377085199906
15000.0,1.4781033480320398,1.4781799073452055,1.478264058699508,1.4783174104918808,1.4783174104918808,1.478264058699508,1.4781799073452055,1.4781033480320398
17500.0,1.4589873148956276,1.4590753440378184,1.4591721100022037,1.4592334634276407,1.4592334634276407,1.4591721100022037,1.4590753440378184,1.4589873148956276
20000.0,1.4425850467674939,1.4426844064061113,1.4427936336654437,1.4428628914327057,1.4428628914327057,1.4427936336654437,1.4426844064061113,1.4425850467674939
22500.0,1.420067620343529,1.4201773671417368,1.420298030431748,1.4203745488289505,1.4203745488289505,1.420298030431748,1.4201773671417368,1.420067620343529
25000.0,1.4001812153917852,1.400301196452378,1.4004331272071402,1.400516799089054,1.400516799089054,1.4004331272071402,1.400301196452378,1.4001812153917852
27500.0,1.3824292440689436,1.3825593261129119,1.3827023774110103,1.3827931093988468,1.3827931093988468,1.3827023774110103,1.3825593261129119,1.3824292440689436
30000.0,1.3663907282586087,1.3665307886785116,1.3666848253874027,1.3667825316085196,1.3667825316085196,1.3666848253874027,1.3665307886785116,1.3663907282586087
32500.0,1.3472894486595604,1.3474387028967163,1.3476028742658686,1.3477070216484857,1.3477070216484857,1.3476028742658686,1.3474387028967163,1.3472894486595604
35000.0,1.3298164762376732,1.329974802172336,1.3301489732891272,1.3302594759284199,1.3302594759284199,1.3301489732891272,1.329974802172336,1.3298164762376732
40000.0,1.2988792515215317,1.299055397370055,1.299249210679641,1.299372196357393,1.299372196357393,1.299249210679641,1.299055397370055,1.2988792515215317
45000.0,1.2668536758611197,1.26704613528553,1.2672579569566347,1.267392401713848,1.267392401713848,1.2672579569566347,1.26704613528553,1.2668536758611197
50000.0,1.2388400602224496,1.23904846456735,1.2392778863821343,1.239423529778699,1.239423529778699,1.2392778863821343,1.23904846456735,1.2388400602224496
55000.0,1.2103744466376338,1.2105975043511026,1.210843128313643,1.2109990957791807,1.2109990957791807,1.210843128313643,1.2105975043511026,1.2103744466376338
60000.0,1.1849307745435642,1.1851681773608296,1.1854296611359931,1.1855957337297878,1.1855957337297878,1.1854296611359931,1.1851681773608296,1.1849307745435642
65000.0,1.1594247860969042,1.1596754421399325,1.159951606998546,1.160127049056318,1.160127049056318,1.159951606998546,1.1596754421399325,1.1594247860969042
70000.0,1.1362777988981902,1.1365414482861806,1.1368320046549791,1.1370166304582612,1.1370166304582612,1.1368320046549791,1.1365414482861806,1.1362777988981902
75000.0,1.1133173923943898,1.113593088503752,1.1138970171922602,1.114090192162348,1.114090192162348,1.1138970171922602,1.113593088503752,1.1133173923943898
80000.0,1.0922416558422172,1.0925291788270999,1.0928462339158722,1.0930477998194437,1.0930477998194437,1.0928462339158722,1.0925291788270999,1.0922416558422172
85000.0,1.0714040712959894,1.0717025985700797,1.0720318970338547,1.072241305530044,1.072241305530044,1.0720318970338547,1.0717025985700797,1.0714040712959894
90000.0,1.0521081377726005,1.052417481830042,1.0527588129885537,1.052975928017865,1.052975928017865,1.0527588129885537,1.052417481830042,1.0521081377726005
95000.0,1.0331131006891834,1.033432536979072,1.0337851254576282,1.0340094668741346,1.0340094668741346,1.0337851254576282,1.033432536979072,1.0331131006891834
100000.0,1.0153986671161248,1.0157280351258038,1.0160916996514422,1.0163231498965868,1.0163231498965868,1.0160916996514422,1.0157280351258038,1.0153986671161248
110000.0,0.9809914371187577,0.9813388318361305,0.9817226920938225,0.9819671536854292,0.9819671536854292,0.9817226920938225,0.9813388318361305,0.9809914371187577
120000.0,0.9505796426775713,0.9509445525309171,0.9513480256003267,0.9516051177604432,0.9516051177604432,0.9513480256003267,0.9509445525309171,0.9505796426775713
130000.0,0.9213918250940079,0.9217722336056718,0.9221931855026915,0.9224616001757461,0.9224616001757461,0.9221931855026915,0.9217722336056718,0.9213918250940079
140000.0,0.895154435911574,0.895549956781262,0.895987940911997,0.8962673830039298,0.8962673830039298,0.895987940911997,0.895549956781262,0.895154435911574
150000.0,0.8700195781952479,0.8704285878067891,0.8708819009422744,0.8711713349268442,0.8711713349268442,0.8708819009422744,0.8704285878067891,0.8700195781952479
160000.0,0.8471355532207643,0.8475577539833065,0.8480260459832336,0.8483252373423327,0.8483252373423327,0.8480260459832336,0.8475577539833065,0.8471355532207643
170000.0,0.8252725132092433,0.8257065856078597,0.8261884867150779,0.8264966109234233,0.8264966109234233,0.8261884867150779,0.8257065856078597,0.8252725132092433
180000.0,0.8051684349231671,0.8056141478661051,0.8061093802824517,0.8064262482754218,0.8064262482754218,0.8061093802824517,0.8056141478661051,0.8051684349231671
190000.0,0.7859886709433513,0.7864449486302604,0.7869524094970047,0.7872773654338134,0.7872773654338134,0.7869524094970047,0.7864449486302604,0.7859886709433513
200000.0,0.7682119350952528,0.7686785974517276,0.7691980645581941,0.7695309543481869,0.7695309543481869,0.7691980645581941,0.7686785974517276,0.7682119350952528
220000.0,0.7353163751667202,0.7358018105168842,0.7363432281747371,0.7366907505440915,0.7366907505440915,0.7363432281747371,0.7358018105168842,0.7353163751667202
240000.0,0.7058660052309675,0.7063684060723597,0.7069298926979286,0.7072909120525681,0.7072909120525681,0.7069298926979286,0.7063684060723597,0.7058660052309675
260000.0,0.6793221834675276,0.6798399847925128,0.6804199232178378,0.6807934704478026,0.6807934704478026,0.6804199232178378,0.6798399847925128,0.6793221834675276
280000.0,0.6552787350957499,0.6558106383842719,0.6564077015313778,0.6567929899133865,0.6567929899133865,0.6564077015313778,0.6558106383842719,0.6552787350957499
300000.0,0.6333774644716639,0.6339223144010788,0.6345353300159297,0.6349316695883362,0.6349316695883362,0.6345353300159297,0.6339223144010788,0.6333774644716639
320000.0,0.6133394875781355,0.6138962933439207,0.614524268613718,0.614931082426341,0.614931082426341,0.614524268613718,0.6138962933439207,0.6133394875781355
340000.0,0.594926065661291,0.5954939707795179,0.5961360578156212,0.5965528593267987,0.5965528593267987,0.5961360578156212,0.5954939707795179,0.594926065661291
360000.0,0.5779458745307805,0.5785241034370064,0.5791795413261791,0.5796058980710933,0.5796058980710933,0.5791795413261791,0.5785241034370064,0.5779458745307805
380000.0,0.5622318313585636,0.5628197131303184,0.5634878545603759,0.563923405328832,0.563923405328832,0.5634878545603759,0.5628197131303184,0.5622318313585636
400000.0,0.5476326635453705,0.5482295891807671,0.5489098519487439,0.5493542752114245,0.5493542752114245,0.5489098519487439,0.5482295891807671,0.5476326635453705
420000.0,0.5340368733101654,0.5346423060333563,0.5353341864995341,0.5357872100905782,0.5357872100905782,0.5353341864995341,0.5346423060333563,0.5340368733101654
440000.0,0.521340714191213,0.5219541639189342,0.5226572078403906,0.5231185898696549,0.5231185898696549,0.5226572078403906,0.5219541639189342,0.521340714191213
460000.0,0.509441068933844,0.5100620986190947,0.5107759072222079,0.5112454394396033,0.5112454394396033,0.5107759072222079,0.5100620986190947,0.509441068933844
480000.0,0.4982739168746727,0.49890212279888635,0.4996263319536974,0.5001038269996391,0.5001038269996391,0.4996263319536974,0.49890212279888635,0.4982739168746727
500000.0,0.48776892294869345,0.488403955359051,0.4891382623506441,0.48962357294552117,0.48962357294552117,0.4891382623506441,0.488403955359051,0.48776892294869345
550000.0,0.46400077202862655,0.46465146770368,0.46540980946109767,0.4659140735054568,0.4659140735054568,0.46540980946109767,0.46465146770368,0.46400077202862655
600000.0,0.4432330935923118,0.4438977847507661,0.4446787836169029,0.44520137685146577,0.44520137685146577,0.4446787836169029,0.4438977847507661,0.4432330935923118
650000.0,0.4249021096335367,0.42557943306843016,0.42638202897520233,0.4269225192802175,0.4269225192802175,0.42638202897520233,0.42557943306843016,0.4249021096335367
700000.0,0.4085618748488677,0.4092506653056493,0.4100739887605637,0.41063205034015243,0.41063205034015243,0.4100739887605637,0.4092506653056493,0.4085618748488677
750000.0,0.3938859157544415,0.3945851833167132,0.3954285344983238,0.39600393678293266,0.39600393678293266,0.3954285344983238,0.3945851833167132,0.3938859157544415
800000.0,0.3806113875172329,0.3813203424521409,0.38218322320752596,0.3827758537029772,0.3827758537029772,0.38218322320752596,0.3813203424521409,0.3806113875172329
850000.0,0.36853124565207285,0.3692491568253014,0.3701311155094573,0.3707408817081812,0.3707408817081812,0.3701311155094573,0.3692491568253014,0.36853124565207285
900000.0,0.35747833504431015,0.35820457707519415,0.3591052602349433,0.3597321223000478,0.3597321223000478,0.3591052602349433,0.35820457707519415,0.35747833504431015
950000.0,0.3473013104530443,0.3480353236738491,0.3489544248046217,0.34959835918269333,0.34959835918269333,0.3489544248046217,0.3480353236738491,0.3473013104530443
1000000.0,0.33790516908909174,0.3386464515522902,0.339583718245172,0.3402447308722906,0.3402447308722906,0.339583718245172,0.3386464515522902,0.33790516908909174
1100000.0,0.32104723664842527,0.32180176829074447,0.3227747645072361,0.3234700064435762,0.3234700064435762,0.3227747645072361,0.32180176829074447,0.32104723664842527
1200000.0,0.30633061249249327,0.3070969810648782,0.308105153065749,0.30883483257420447,0.30883483257420447,0.308105153065749,0.3070969810648782,0.30633061249249327
1300000.0,0.29331017466993115,0.29408712637432183,0.2951299560468083,0.29589423130962805,0.29589423130962805,0.2951299560468083,0.29408712637432183,0.29331017466993115
1400000.0,0.28167525248634784,0.28246175824989134,0.28353889695171935,0.2843379941163305,0.2843379941163305,0.28353889695171935,0.28246175824989134,0.28167525248634784
1500000.0,0.27119502522861033,0.2719902045366055,0.2731013535398281,0.27393547174504135,0.27393547174504135,0.2731013535398281,0.2719902045366055,0.27119502522861033
1600000.0,0.26167052207575575,0.26247355736761624,0.2636183888713827,0.26448765835568383,0.26448765835568383,0.2636183888713827,0.26247355736761624,0.26167052207575575
1700000.0,0.2529661248536313,0.2537763705652399,0.2549546755829774,0.2558592668906053,0.2558592668906053,0.2549546755829774,0.2537763705652399,0.2529661248536313
1800000.0,0.2449626807627054,0.24577947879686815,0.24699095999481735,0.24793095027990195,0.24793095027990195,0.24699095999481735,0.24577947879686815,0.2449626807627054
1900000.0,0.2375566225968582,0.23837939065839103,0.2396237238399972,0.24059911665093153,0.24059911665093153,0.2396237238399972,0.23837939065839103,0.2375566225968582
2000000.0,0.23068421492640798,0.23151243469196764,0.23278935380662438,0.23380018624601806,0.23380018624601806,0.23278935380662438,0.23151243469196764,0.23068421492640798
2100000.0,0.22427337162867733,0.22510656304753948,0.22641573132254258,0.22746193784118005,0.22746193784118005,0.22641573132254258,0.22510656304753948,0.22427337162867733
2200000.0,0.2182772805801338,0.2191150544674844,0.22045620997345972,0.22153776216137394,0.22153776216137394,0.22045620997345972,0.2191150544674844,0.2182772805801338
2300000.0,0.21264768499794606,0.2134896424868955,0.2148624455216891,0.215979233171022,0.215979233171022,0.2148624455216891,0.2134896424868955,0.21264768499794606
2400000.0,0.2073448339421253,0.20819056540265463,0.2095946172111734,0.21074646969255137,0.21074646969255137,0.2095946172111734,0.20819056540265463,0.2073448339421253
2500000.0,0.2023368197682193,0.20318599936650866,0.20462094001636633,0.2058076862931701,0.2058076862931701,0.20462094001636633,0.20318599936650866,0.2023368197682193
2600000.0,0.19759976757530856,0.19845208185586707,0.19991753810896226,0.20113898767903007,0.20113898767903007,0.19991753810896226,0.19845208185586707,0.19759976757530856
2700000.0,0.19310187426024775,0.1939570101339654,0.19545255429964448,0.196708455782036,0.196708455782036,0.19545255429964448,0.1939570101339654,0.19310187426024775
2800000.0,0.1888351047666078,0.18969281921737366,0.19121808122006825,0.19250821309700875,0.19250821309700875,0.19121808122006825,0.18969281921737366,0.1888351047666078
2900000.0,0.18476770388909514,0.18562771096536732,0.1871822301265712,0.18850629253645138,0.18850629253645138,0.1871822301265712,0.18562771096536732,0.18476770388909514
3000000.0,0.18088376822316807,0.18174579461947482,0.18332907022199973,0.18468671267325787,0.18468671267325787,0.18332907022199973,0.18174579461947482,0.18088376822316807
3200000.0,0.1736263258280787,0.1744917331854399,0.17613115011294692,0.17755497145569255,0.17755497145569255,0.17613115011294692,0.1744917331854399,0.1736263258280787
3400000.0,0.16696719846690009,0.16783519388855403,0.16952886303522227,0.171017456978947,0.171017456978947,0.16952886303522227,0.16783519388855403,0.16696719846690009
3600000.0,0.160826810350135,0.16169668225318387,0.16344260247216852,0.1649944085283586,0.1649944085283586,0.16344260247216852,0.16169668225318387,0.160826810350135
3800000.0,0.1551335775311387,0.15600465732678387,0.15780069920166762,0.15941400629941244,0.15941400629941244,0.15780069920166762,0.15600465732678387,0.1551335775311387
4000000.0,0.14983967560582526,0.15071139366263545,0.15255544557440043,0.15422853008477405,0.15422853008477405,0.15255544557440043,0.15071139366263545,0.14983967560582526
4200000.0,0.14489738258247042,0.14576921930699985,0.14765905463889212,0.14939005015443269,0.14939005015443269,0.14765905463889212,0.14576921930699985,0.14489738258247042
4400000.0,0.1402747682584079,0.14114626684963658,0.1430797637024616,0.14486691521440392,0.14486691521440392,0.1430797637024616,0.14114626684963658,0.1402747682584079
4600000.0,0.1359399763956429,0.13681076274935164,0.1387857376354443,0.1406271908339687,0.1406271908339687,0.1387857376354443,0.13681076274935164,0.1359399763956429
4800000.0,0.13185333840589816,0.13272300275470983,0.1347370847294797,0.13663080260618585,0.13663080260618585,0.1347370847294797,0.13272300275470983,0.13185333840589816
5000000.0,0.12800662441448024,0.12887494525893275,0.13092603859661897,0.13287022123301065,0.13287022123301065,0.13092603859661897,0.12887494525893275,0.12800662441448024
5200000.0,0.12434050483875478,0.125206712176334,0.12729185001040502,0.12928472513844547,0.12928472513844547,0.12729185001040502,0.125206712176334,0.12434050483875478
5400000.0,0.12090951361891468,0.12177396931694898,0.12389189102622375,0.12593137379970445,0.12593137379970445,0.12389189102622375,0.12177396931694898,0.12090951361891468
5500000.0,0.11927487137686163,0.12013857372994663,0.12227244589536855,0.12433450658659255,0.12433450658659255,0.12227244589536855,0.12013857372994663,0.11927487137686163
5600000.0,0.11764812361434658,0.11851049493953038,0.12065868181953228,0.12274287954379466,0.12274287954379466,0.12065868181953228,0.11851049493953038,0.11764812361434658
5800000.0,0.11454193635483685,0.11540190016756958,0.11757797709567613,0.11970508893014924,0.11970508893014924,0.11757797709567613,0.11540190016756958,0.11454193635483685
6000000.0,0.11161702701458062,0.11247489233232155,0.1146779318713009,0.11684626393137663,0.11684626393137663,0.1146779318713009,0.11247489233232155,0.11161702701458062
6200000.0,0.10879136277490492,0.10964636310139675,0.11187233963492961,0.11407984471336925,0.11407984471336925,0.11187233963492961,0.10964636310139675,0.10879136277490492
6400000.0,0.10612188912937413,0.10697431803280845,0.10922252817375051,0.11146771556375451,0.11146771556375451,0.10922252817375051,0.10697431803280845,0.10612188912937413
6500000.0,0.10484154335705193,0.10569278766506988,0.10795186501201257,0.1102153688797429,0.1102153688797429,0.10795186501201257,0.10569278766506988,0.10484154335705193
6600000.0,0.10356743977462855,0.1044171226426792,0.10668510725034548,0.1089661525548047,0.1089661525548047,0.10668510725034548,0.1044171226426792,0.10356743977462855
6800000.0,0.10111967195919551,0.1019664371860559,0.10425187421493536,0.10656704090392266,0.10656704090392266,0.10425187421493536,0.1019664371860559,0.10111967195919551
7000000.0,0.09879680430561871,0.09964090433962645,0.10194333202120545,0.10429141021978483,0.10429141021978483,0.10194333202120545,0.09964090433962645,0.09879680430561871
7500000.0,0.09337085892460467,0.09420754567646046,0.09654133184235704,0.0989641421820642,0.0989641421820642,0.09654133184235704,0.09420754567646046,0.09337085892460467
8000000.0,0.08847565934845725,0.08930485803760202,0.0916587331543929,0.09414722189157564,0.09414722189157564,0.0916587331543929,0.08930485803760202,0.08847565934845725
8500000.0,0.08402355017508871,0.08484513722881794,0.08720814005965545,0.08975355664395719,0.08975355664395719,0.08720814005965545,0.08484513722881794,0.08402355017508871
9000000.0,0.07997382996222571,0.0807880184508627,0.08315050605377193,0.08574543883067955,0.08574543883067955,0.08315050605377193,0.0807880184508627,0.07997382996222571
9500000.0,0.07626759437869174,0.07707438538622816,0.07942704897004602,0.08206444193167402,0.08206444193167402,0.07942704897004602,0.07707438538622816,0.07626759437869174
1.0E7,0.07286297508673369,0.07366246864311067,0.07599683951386432,0.07867039304393836,0.07867039304393836,0.07599683951386432,0.07366246864311067,0.07286297508673369
1.05E7,0.0697253495068719,0.07051766465032187,0.07282606758124717,0.07553016910572624,0.07553016910572624,0.07282606758124717,0.07051766465032187,0.0697253495068719
1.1E7,0.06682668209977323,0.06761174594632974,0.0698871517303959,0.07261680397051883,0.07261680397051883,0.0698871517303959,0.06761174594632974,0.06682668209977323
1.15E7,0.06413953347348879,0.06491731054462474,0.06715343569214464,0.06990416868927861,0.06990416868927861,0.06715343569214464,0.06491731054462474,0.06413953347348879
1.2E7,0.06164317123214974,0.06241330143700244,0.06460442832614435,0.06737226891365607,0.06737226891365607,0.06460442832614435,0.06241330143700244,0.06164317123214974
1.25E7,0.059318849512112005,0.060081004043287305,0.06222228843739992,0.06500391970265164,0.06500391970265164,0.06222228843739992,0.060081004043287305,0.059318849512112005
1.3E7,0.05714900690717015,0.05790259769400141,0.05998972005827057,0.0627821296876656,0.0627821296876656,0.05998972005827057,0.05790259769400141,0.05714900690717015
1.35E7,0.05512056745739168,0.05586492939352412,0.057894404326993006,0.060695188902528736,0.060695188902528736,0.057894404326993006,0.05586492939352412,0.05512056745739168
1.4E7,0.053219370915746446,0.053953420685538434,0.05592207451840902,0.058728967012165414,0.058728967012165414,0.05592207451840902,0.053953420685538434,0.053219370915746446
1.45E7,0.05143472400667513,0.05215728454772648,0.05406282632549752,0.056874137660143764,0.056874137660143764,0.05406282632549752,0.05215728454772648,0.05143472400667513
1.5E7,0.04975700502319326,0.05046664411625932,0.05230733822948483,0.05512170097920635,0.05512170097920635,0.05230733822948483,0.05046664411625932,0.04975700502319326
1.55E7,0.04817677840753292,0.048871643500039544,0.05064617539306195,0.053462423842183346,0.053462423842183346,0.05064617539306195,0.048871643500039544,0.04817677840753292
1.6E7,0.04668651965193433,0.04736470699231707,0.04907262790270218,0.05189006708278762,0.05189006708278762,0.04907262790270218,0.04736470699231707,0.04668651965193433
1.65E7,0.045276247368183,0.04593330224279077,0.04757268773518085,0.05039069542310047,0.05039069542310047,0.04757268773518085,0.04593330224279077,0.045276247368183
1.7E7,0.04394877141180951,0.04458593442658878,0.04616080634972281,0.04897935841592322,0.04897935841592322,0.04616080634972281,0.04458593442658878,0.04394877141180951
1.75E7,0.042687033445715075,0.043296842558502496,0.044805515649260566,0.04762491229180116,0.04762491229180116,0.044805515649260566,0.043296842558502496,0.042687033445715075
1.8E7,0.04149574588458307,0.042079731134518045,0.04352590793930687,0.046346077578277155,0.046346077578277155,0.04352590793930687,0.042079731134518045,0.04149574588458307
1.85E7,0.0403617497087892,0.040910477707104896,0.04229486636994528,0.04511725159796011,0.04511725159796011,0.04229486636994528,0.040910477707104896,0.0403617497087892
1.9E7,0.03928815148202646,0.03980351279000848,0.04112941889490674,0.04395384945075653,0.04395384945075653,0.04112941889490674,0.03980351279000848,0.03928815148202646
1.95E7,0.038265288139013226,0.038735784935203216,0.040006548126484465,0.042835835784102876,0.042835835784102876,0.040006548126484465,0.038735784935203216,0.038265288139013226
2.0E7,0.03729451325849548,0.03772246113810567,0.038940909791747726,0.041774730161882906,0.041774730161882906,0.038940909791747726,0.03772246113810567,0.03729451325849548
2.1E7,0.035501848880682044,0.035800878092991505,0.03693553807747797,0.039790723736654016,0.039790723736654016,0.03693553807747797,0.035800878092991505,0.035501848880682044
2.2E7,0.03385606346641112,0.034038326494799695,0.03509643294552511,0.03796892124780518,0.03796892124780518,0.03509643294552511,0.034038326494799695,0.03385606346641112
2.3E7,0.0323832308137102,0.032370274678447226,0.033400126423633374,0.03632230898839049,0.03632230898839049,0.033400126423633374,0.032370274678447226,0.0323832308137102
2.4E7,0.031024021674154995,0.030833382448538504,0.03183692426710702,0.03480265873029519,0.03480265873029519,0.03183692426710702,0.030833382448538504,0.031024021674154995
2.5E7,0.029815236395638052,0.029338365451460964,0.030403205046936655,0.03344741701235676,0.03344741701235676,0.030403205046936655,0.029338365451460964,0.029815236395638052
2.6E7,0.02869702975781266,0.027958209688321536,0.02907878481225038,0.032193721011357555,0.032193721011357555,0.02907878481225038,0.027958209688321536,0.02869702975781266
2.7E7,0.027535001116373574,0.026566306833774533,0.02791932758114762,0.030913764713833336,0.030913764713833336,0.02791932758114762,0.026566306833774533,0.027535001116373574
2.8E7,0.02643440735347571,0.025256279570728554,0.02682059411424874,0.029700723072278105,0.029700723072278105,0.02682059411424874,0.025256279570728554,0.02643440735347571
2.9E7,0.0253488001443443,0.024190188102017604,0.025636478205345908,0.028890009716236748,0.028890009716236748,0.025636478205345908,0.024190188102017604,0.0253488001443443
3.0E7,0.02433934772163391,0.023199154647183293,0.024536206868422256,0.028132309925860827,0.028132309925860827,0.024536206868422256,0.023199154647183293,0.02433934772163391
3.2E7,0.022639124587367127,0.021297845771682283,0.022644298125396818,0.026369797043620788,0.026369797043620788,0.022644298125396818,0.021297845771682283,0.022639124587367127
3.4E7,0.021155494485400595,0.01964263097688649,0.020995863518808746,0.024829008013056302,0.024829008013056302,0.020995863518808746,0.01964263097688649,0.021155494485400595
3.5E7,0.020488415694753535,0.018898627005702655,0.020254826155443155,0.024136067531305237,0.024136067531305237,0.020254826155443155,0.018898627005702655,0.020488415694753535
3.6E7,0.019874175459012024,0.01819812909515626,0.0195589680891707,0.023504976966651284,0.023504976966651284,0.0195589680891707,0.01819812909515626,0.019874175459012024
3.8E7,0.018757195246052218,0.016924888970307504,0.01829396330684516,0.022356942152147632,0.022356942152147632,0.01829396330684516,0.016924888970307504,0.018757195246052218
4.0E7,0.017758799822687216,0.01578978868534758,0.0171652209220517,0.02132874051987529,0.02132874051987529,0.0171652209220517,0.01578978868534758,0.017758799822687216
4.2E7,0.016864305585643828,0.014759370052175569,0.016147742019721405,0.0204177327460111,0.0204177327460111,0.016147742019721405,0.014759370052175569,0.016864305585643828
4.4E7,0.01605530788905675,0.013830358911105753,0.015229412933040769,0.019591772235915267,0.019591772235915267,0.015229412933040769,0.013830358911105753,0.01605530788905675
4.5E7,0.015678095527906707,0.013398543611840695,0.01480210419476264,0.01920570881174649,0.01920570881174649,0.01480210419476264,0.013398543611840695,0.015678095527906707
4.6E7,0.015318694652180226,0.012981999549008512,0.014397102294534012,0.01884239739432874,0.01884239739432874,0.014397102294534012,0.012981999549008512,0.015318694652180226
4.8E7,0.014647216675332232,0.012205753619466778,0.013641624004718512,0.018162210490586375,0.018162210490586375,0.013641624004718512,0.012205753619466778,0.014647216675332232
5.0E7,0.014034297715369255,0.011499005173948995,0.012953112074684659,0.01754007468419242,0.01754007468419242,0.012953112074684659,0.011499005173948995,0.014034297715369255
5.2E7,0.013474261234097026,0.010849282924139694,0.01232397371280819,0.016977761189839638,0.016977761189839638,0.01232397371280819,0.010849282924139694,0.013474261234097026
5.4E7,0.012959302000113816,0.010253408068978731,0.011746386980494216,0.01645958958610061,0.01645958958610061,0.011746386980494216,0.010253408068978731,0.012959302000113816
5.5E7,0.012716874078895449,0.009973517699508919,0.011474846528140629,0.016215194893654503,0.016215194893654503,0.011474846528140629,0.009973517699508919,0.012716874078895449
5.6E7,0.01247957735687259,0.009703358546408164,0.01121439523168333,0.015980899172777653,0.015980899172777653,0.01121439523168333,0.009703358546408164,0.01247957735687259
5.8E7,0.012029194603112373,0.009192527824190245,0.01072112626363454,0.015534649274225371,0.015534649274225371,0.01072112626363454,0.009192527824190245,0.012029194603112373
6.0E7,0.011614836538852634,0.008722550378534779,0.010267308759773469,0.01512409873433296,0.01512409873433296,0.010267308759773469,0.008722550378534779,0.011614836538852634
6.2E7,0.011231434491288708,0.008289251692115954,0.009857323101998045,0.01474951195415319,0.01474951195415319,0.009857323101998045,0.008289251692115954,0.011231434491288708
6.4E7,0.01087537686516338,0.007887216813352364,0.009476754168580712,0.014401331557101979,0.014401331557101979,0.009476754168580712,0.007887216813352364,0.01087537686516338
6.5E7,0.010706222069318797,0.00769654814076166,0.00929611537889533,0.01423563705471886,0.01423563705471886,0.00929611537889533,0.00769654814076166,0.010706222069318797
6.6E7,0.010539348618041873,0.007512718444319457,0.009122311946010467,0.014075552399768314,0.014075552399768314,0.009122311946010467,0.007512718444319457,0.010539348618041873
6.8E7,0.010221564485276023,0.007163191231332094,0.008791578538330085,0.013770166758612546,0.013770166758612546,0.008791578538330085,0.007163191231332094,0.010221564485276023
7.0E7,0.009924318945779562,0.006836583637338619,0.008482369766500178,0.013484199597842462,0.013484199597842462,0.008482369766500178,0.006836583637338619,0.009924318945779562
7.2E7,0.0096419653184794,0.006533967204949003,0.008197888964831696,0.013216009156301466,0.013216009156301466,0.008197888964831696,0.006533967204949003,0.0096419653184794
7.4E7,0.009378093438964267,0.006250859549078969,0.007931909686567564,0.012965692991991733,0.012965692991991733,0.007931909686567564,0.006250859549078969,0.009378093438964267
7.5E7,0.009251857291344758,0.0061155888851719305,0.007804732363593417,0.012845762636280289,0.012845762636280289,0.007804732363593417,0.0061155888851719305,0.009251857291344758
7.6E7,0.009126525119458464,0.005985317161487574,0.007682748273489381,0.012726803748647658,0.012726803748647658,0.007682748273489381,0.005985317161487574,0.009126525119458464
7.8E7,0.008886666565792381,0.005736140168439614,0.007449343421899139,0.012498985792307446,0.012498985792307446,0.007449343421899139,0.005736140168439614,0.008886666565792381
8.0E7,0.008660668389798913,0.0055013499721207285,0.0072294218854913285,0.01228434643288674,0.01228434643288674,0.0072294218854913285,0.0055013499721207285,0.008660668389798913
8.2E7,0.008443732808857329,0.0052836733502522795,0.007025951443421987,0.01208178397807029,0.01208178397807029,0.007025951443421987,0.0052836733502522795,0.008443732808857329
8.4E7,0.008240427250613462,0.005078943049454891,0.0068350603582608424,0.011892909714060452,0.011892909714060452,0.0068350603582608424,0.005078943049454891,0.008240427250613462
8.5E7,0.008143028646296806,0.00498077677893875,0.006743585366079072,0.011802536807276413,0.011802536807276413,0.006743585366079072,0.00498077677893875,0.008143028646296806
8.6E7,0.008045697199986775,0.004886663104350715,0.0066559244005650895,0.01171240427763793,0.01171240427763793,0.0066559244005650895,0.004886663104350715,0.008045697199986775
8.8E7,0.007859053164074441,0.004705968875250736,0.006487779578575057,0.011539889996255373,0.011539889996255373,0.006487779578575057,0.004705968875250736,0.007859053164074441
9.0E7,0.007682491192792406,0.004534711005607781,0.006328651355836814,0.01137717227153848,0.01137717227153848,0.006328651355836814,0.004534711005607781,0.007682491192792406
9.2E7,0.007511184377030393,0.004375475232389692,0.006180134968269437,0.011219033790133,0.011219033790133,0.006180134968269437,0.004375475232389692,0.007511184377030393
9.4E7,0.007349154565160307,0.004224402293190137,0.006039602771490119,0.011070216248564744,0.011070216248564744,0.006039602771490119,0.004224402293190137,0.007349154565160307
9.5E7,0.007271259506801203,0.004151650783838661,0.005972026815857006,0.010998876654547692,0.010998876654547692,0.005972026815857006,0.004151650783838661,0.007271259506801203
9.6E7,0.007193461838016479,0.004082474461800949,0.005907209798549603,0.010926990787706198,0.010926990787706198,0.005907209798549603,0.004082474461800949,0.007193461838016479
9.8E7,0.007044271839563244,0.003949393286162926,0.00578289659987641,0.010789922064187468,0.010789922064187468,0.00578289659987641,0.003949393286162926,0.007044271839563244
1.0E8,0.006902579621112879,0.003822611184181738,0.005664816492827431,0.010660461769964547,0.010660461769964547,0.005664816492827431,0.003822611184181738,0.006902579621112879
1.05E8,0.006565537624992962,0.0035417653859251734,0.005398023801686136,0.010349672999415723,0.010349672999415723,0.005398023801686136,0.0035417653859251734,0.006565537624992962
1.1E8,0.006266459840912963,0.0032906484061730303,0.005161480959259565,0.010078134309029874,0.010078134309029874,0.005161480959259565,0.0032906484061730303,0.006266459840912963
1.15E8,0.005989820114020842,0.003079606517822772,0.004955878710119046,0.009819140733555838,0.009819140733555838,0.004955878710119046,0.003079606517822772,0.005989820114020842
1.2E8,0.005743534659656502,0.0028897523945509646,0.004773502375956603,0.009594130303436981,0.009594130303436981,0.004773502375956603,0.0028897523945509646,0.005743534659656502
1.25E8,0.005514109990665807,0.002730042078785867,0.004611623545503385,0.009372504968026503,0.009372504968026503,0.004611623545503385,0.002730042078785867,0.005514109990665807
1.3E8,0.005307475231003398,0.0025848840221750265,0.004466678611039668,0.00917768539748666,0.00917768539748666,0.004466678611039668,0.0025848840221750265,0.005307475231003398
1.35E8,0.005116916470173428,0.002463655309367055,0.004335881164262342,0.008987082296286418,0.008987082296286418,0.004335881164262342,0.002463655309367055,0.005116916470173428
1.4E8,0.004944005109207929,0.002352747941211419,0.00421813889218745,0.008818556321320562,0.008818556321320562,0.00421813889218745,0.002352747941211419,0.004944005109207929
1.45E8,0.004784674779681655,0.0022598184403409046,0.004110306886455906,0.008650085465144237,0.008650085465144237,0.004110306886455906,0.0022598184403409046,0.004784674779681655
1.5E8,0.004638988022868636,0.0021742933167778525,0.004012617533922868,0.008499783326106587,0.008499783326106587,0.004012617533922868,0.0021742933167778525,0.004638988022868636
